{
  "W01000930":{
             "priceper": [628.782236375, 505.51189116250004, 524.1130962181818, 583.08627104, 544.0479439294119, 602.3058996333334, 553.3118460066668, 643.6813270666667, 623.0824182428571], 
             "energyper": [341.125, 374.875, 347.1818181818182, 259.0, 293.52941176470586, 271.0, 264.73333333333335, 248.70833333333334, 292.57142857142856], 
             "co2per": [59.75, 65.875, 71.36363636363636, 49.2, 53.76470588235294, 47.22222222222222, 47.93333333333333, 44.541666666666664, 57.142857142857146]
              },
"W01001276":{
             "priceper": [628.782236375, 505.51189116250004, 524.1130962181818, 583.08627104, 544.0479439294119, 602.3058996333334, 553.3118460066668, 643.6813270666667, 623.0824182428571], 
             "energyper": [341.125, 374.875, 347.1818181818182, 259.0, 293.52941176470586, 271.0, 264.73333333333335, 248.70833333333334, 292.57142857142856], 
             "co2per": [59.75, 65.875, 71.36363636363636, 49.2, 53.76470588235294, 47.22222222222222, 47.93333333333333, 44.541666666666664, 57.142857142857146]
              },
"W01001274":{
             "priceper": [628.782236375, 505.51189116250004, 524.1130962181818, 583.08627104, 544.0479439294119, 602.3058996333334, 553.3118460066668, 643.6813270666667, 623.0824182428571], 
             "energyper": [341.125, 374.875, 347.1818181818182, 259.0, 293.52941176470586, 271.0, 264.73333333333335, 248.70833333333334, 292.57142857142856], 
             "co2per": [59.75, 65.875, 71.36363636363636, 49.2, 53.76470588235294, 47.22222222222222, 47.93333333333333, 44.541666666666664, 57.142857142857146]
              },
"W01001114":{
             "priceper": [628.782236375, 505.51189116250004, 524.1130962181818, 583.08627104, 544.0479439294119, 602.3058996333334, 553.3118460066668, 643.6813270666667, 623.0824182428571], 
             "energyper": [341.125, 374.875, 347.1818181818182, 259.0, 293.52941176470586, 271.0, 264.73333333333335, 248.70833333333334, 292.57142857142856], 
             "co2per": [59.75, 65.875, 71.36363636363636, 49.2, 53.76470588235294, 47.22222222222222, 47.93333333333333, 44.541666666666664, 57.142857142857146]
              },
"W01001734":{
             "priceper": [628.782236375, 505.51189116250004, 524.1130962181818, 583.08627104, 544.0479439294119, 602.3058996333334, 553.3118460066668, 643.6813270666667, 623.0824182428571], 
             "energyper": [341.125, 374.875, 347.1818181818182, 259.0, 293.52941176470586, 271.0, 264.73333333333335, 248.70833333333334, 292.57142857142856], 
             "co2per": [59.75, 65.875, 71.36363636363636, 49.2, 53.76470588235294, 47.22222222222222, 47.93333333333333, 44.541666666666664, 57.142857142857146]
              },
"W01001859":{
             "priceper": [628.782236375, 505.51189116250004, 524.1130962181818, 583.08627104, 544.0479439294119, 602.3058996333334, 553.3118460066668, 643.6813270666667, 623.0824182428571], 
             "energyper": [341.125, 374.875, 347.1818181818182, 259.0, 293.52941176470586, 271.0, 264.73333333333335, 248.70833333333334, 292.57142857142856], 
             "co2per": [59.75, 65.875, 71.36363636363636, 49.2, 53.76470588235294, 47.22222222222222, 47.93333333333333, 44.541666666666664, 57.142857142857146]
              }
}
